id,first_name,last_name,email,gender,ip_address
1,Paulette,Esslemont,pesslemont0@time.com,Female,177.202.2.32
2,Astra,Zorzutti,azorzutti1@yellowbook.com,Female,109.152.219.192
3,Roana,Todarini,rtodarini2@webnode.com,Female,192.167.200.167
4,Mickey,Gerhardt,mgerhardt3@yahoo.co.jp,Male,194.243.98.216
5,Papagena,Weathers,pweathers4@comcast.net,Female,131.115.141.231
6,Ronni,Powdrill,rpowdrill5@canalblog.com,Female,184.158.3.2
7,Tony,Coultass,tcoultass6@timesonline.co.uk,Male,138.184.26.80
8,Ameline,Bredee,abredee7@booking.com,Female,84.8.134.194
9,Cal,Ewdale,cewdale8@youtu.be,Male,164.227.91.174
10,Valencia,Lamberts,vlamberts9@hubpages.com,Female,12.195.163.75
11,Car,Hakey,chakeya@amazon.co.jp,Male,158.240.160.90
12,Brigida,Readwood,breadwoodb@chronoengine.com,Female,208.218.65.105
13,Alika,Brownhall,abrownhallc@state.gov,Female,143.109.27.236
14,Karisa,Zylberdik,kzylberdikd@adobe.com,Female,14.192.35.184
15,Davina,Enderle,denderlee@prlog.org,Female,18.218.83.62
16,Luciana,Cajkler,lcajklerf@vimeo.com,Female,63.99.100.198
17,Bartram,Thew,bthewg@walmart.com,Male,97.57.65.156
18,Stanislaw,Anselm,sanselmh@canalblog.com,Male,230.212.80.192
19,Gino,Markwell,gmarkwelli@vinaora.com,Male,166.147.135.46
20,Pren,Krates,pkratesj@lycos.com,Male,111.148.172.30
21,Annetta,Smalman,asmalmank@sciencedaily.com,Female,104.77.106.166
22,Hammad,Sedgebeer,hsedgebeerl@e-recht24.de,Male,231.216.27.170
23,Pearline,Gwyther,pgwytherm@usnews.com,Female,230.108.63.160
24,Rafferty,Jennison,rjennisonn@theatlantic.com,Male,40.54.100.44
25,Oriana,Baynton,obayntono@networksolutions.com,Female,244.238.83.35
26,Donnamarie,Trimmill,dtrimmillp@dailymail.co.uk,Female,49.29.37.132
27,Teresa,Orrey,torreyq@webnode.com,Female,6.144.79.7
28,Etty,Scone,esconer@nydailynews.com,Female,82.25.62.123
29,Marwin,Swayne,mswaynes@mail.ru,Male,183.193.139.80
30,Johnathon,Feacham,jfeachamt@indiatimes.com,Male,133.227.44.220
31,Elmira,Dawkins,edawkinsu@acquirethisname.com,Female,54.176.186.104
32,Druci,Ricarde,dricardev@addthis.com,Female,131.116.110.95
33,Maurise,Stainer,mstainerw@slate.com,Male,237.45.49.66
34,Sid,Marmyon,smarmyonx@51.la,Male,20.215.66.163
35,L;urette,Beatty,lbeattyy@dropbox.com,Female,104.42.68.11
36,Maurizio,Muslim,mmuslimz@cnet.com,Male,105.90.22.197
37,Allyn,Rodden,arodden10@wikispaces.com,Male,113.242.208.18
38,Kaitlynn,Blew,kblew11@twitter.com,Female,37.144.198.81
39,Gerda,Fenkel,gfenkel12@merriam-webster.com,Female,157.250.145.163
40,Whitby,Dimmock,wdimmock13@myspace.com,Male,193.251.98.35
41,Warden,Cockshut,wcockshut14@a8.net,Male,210.159.148.64
42,Rafaellle,Dresser,rdresser15@jiathis.com,Male,89.124.158.170
43,Ema,Sarsfield,esarsfield16@wikispaces.com,Female,140.162.133.191
44,Thornton,Stanbra,tstanbra17@shinystat.com,Male,20.73.255.176
45,Bucky,Bere,bbere18@independent.co.uk,Male,64.161.50.112
46,Randolf,Gullivent,rgullivent19@friendfeed.com,Male,119.177.13.63
47,Gloria,Bernaert,gbernaert1a@geocities.com,Female,219.202.33.237
48,Kai,Glashby,kglashby1b@altervista.org,Female,93.232.119.123
49,Ardith,Pocklington,apocklington1c@nifty.com,Female,155.183.150.249
50,Bjorn,Hark,bhark1d@feedburner.com,Male,218.187.168.20
51,Doralia,Christal,dchristal1e@smugmug.com,Female,31.177.22.68
52,Garrek,O'Luby,goluby1f@shareasale.com,Male,254.239.5.0
53,Corby,Marti,cmarti1g@cam.ac.uk,Male,109.231.66.171
54,Briano,Pol,bpol1h@cam.ac.uk,Male,2.161.132.47
55,Koren,McShea,kmcshea1i@seattletimes.com,Female,5.67.216.170
56,Dougy,Janway,djanway1j@wp.com,Male,170.235.146.120
57,Aaron,Whardley,awhardley1k@xrea.com,Male,197.108.206.114
58,Bard,Ferrarini,bferrarini1l@g.co,Male,144.39.255.173
59,Brewster,Rolfs,brolfs1m@sogou.com,Male,132.35.243.194
60,Rebe,Terne,rterne1n@businessinsider.com,Female,111.22.130.153
61,Suellen,Karpinski,skarpinski1o@howstuffworks.com,Female,73.237.40.160
62,Ulric,Woods,uwoods1p@last.fm,Male,18.146.107.197
63,Charlean,Kohlert,ckohlert1q@columbia.edu,Female,236.219.24.42
64,Nappie,Jentzsch,njentzsch1r@meetup.com,Male,104.5.179.75
65,Paten,Haseldine,phaseldine1s@fda.gov,Male,83.232.231.92
66,Stanislaw,Reneke,sreneke1t@about.me,Male,15.114.230.243
67,Theodora,Moff,tmoff1u@flickr.com,Female,119.198.6.217
68,Clementius,Pischof,cpischof1v@printfriendly.com,Male,215.213.168.173
69,Veriee,Sumpter,vsumpter1w@answers.com,Female,137.75.128.0
70,Sumner,Ponde,sponde1x@uiuc.edu,Male,210.105.18.124
71,Marcellus,Dace,mdace1y@digg.com,Male,13.65.16.129
72,Sammie,Imeson,simeson1z@ask.com,Male,24.188.209.97
73,Harriot,Duff,hduff20@columbia.edu,Female,83.78.202.78
74,Brooks,Jillins,bjillins21@cam.ac.uk,Female,241.5.122.86
75,Arny,Dunsmore,adunsmore22@china.com.cn,Male,103.156.91.69
76,Winona,Dowdall,wdowdall23@ed.gov,Female,168.24.115.52
77,Artemus,Whichelow,awhichelow24@de.vu,Male,56.43.54.22
78,Flynn,Bothram,fbothram25@examiner.com,Male,135.233.136.64
79,Pavel,Eaglesham,peaglesham26@opensource.org,Male,70.58.152.36
80,Brunhilde,Eads,beads27@usatoday.com,Female,129.38.66.95
81,Jimmy,Jakab,jjakab28@statcounter.com,Male,31.215.172.183
82,Lorine,Hylton,lhylton29@ifeng.com,Female,216.128.223.255
83,Lorri,McGavigan,lmcgavigan2a@parallels.com,Female,230.163.172.203
84,Mikkel,Del Castello,mdelcastello2b@infoseek.co.jp,Male,112.139.119.172
85,Ilka,Krysztofiak,ikrysztofiak2c@so-net.ne.jp,Female,190.54.215.194
86,Billie,Hess,bhess2d@networksolutions.com,Male,12.53.235.247
87,Simona,Tarrant,starrant2e@wikia.com,Female,236.65.211.119
88,Gabriele,Koch,gkoch2f@intel.com,Male,98.238.226.222
89,Kipper,Farris,kfarris2g@squidoo.com,Male,28.148.55.70
90,Dierdre,De Rechter,dderechter2h@who.int,Female,153.115.83.207
91,Norbert,Marfe,nmarfe2i@example.com,Male,212.45.166.13
92,Drud,Delgardo,ddelgardo2j@slideshare.net,Male,120.111.95.133
93,Gennifer,Dreher,gdreher2k@bloglines.com,Female,116.68.47.139
94,Glynn,Wyldbore,gwyldbore2l@omniture.com,Male,22.254.201.186
95,Thomasa,Sanbroke,tsanbroke2m@accuweather.com,Female,181.47.183.9
96,Germayne,Wakely,gwakely2n@trellian.com,Male,162.251.196.195
97,Corri,Borrowman,cborrowman2o@gravatar.com,Female,64.92.208.168
98,Manuel,Satterly,msatterly2p@4shared.com,Male,27.105.255.138
99,Reba,Gethen,rgethen2q@webeden.co.uk,Female,69.241.174.52
100,Matthaeus,Stredwick,mstredwick2r@sciencedirect.com,Male,119.18.174.139
